run,wet_percent,highprecip_perc,orig_perc_low,orig_perc_high,final_perc_low,final_perc_high,extreme_shift_low,extreme_shift_high,extreme_shift_percent
1,0,0,0.2,0.8,0.2,0.8,0,0,0
2,0.01112,0.0287,0.2,0.8,0.0398316,0.181284,-0.058190895,0.057784956,0.05
3,0.02224,0.0574,0.2,0.8,0.0796632,0.362568,-0.11638179,0.115569912,0.05
4,0.03336,0.0861,0.2,0.8,0.1194948,0.543852,-0.174572684,0.173354867,0.05
5,0.04448,0.1148,0.2,0.8,0.1593264,0.725136,-0.232763579,0.231139823,0.05
6,0.0556,0.1435,0.2,0.8,0.199158,0.90642,-0.290954474,0.288924779,0.05